{"eatsPellet": 0.639244609456408, "closerToPel": 0.19975037981936572, "headedHome": 1.986767488330214, "movedTowardsGhost": -0.9554782751692665}