{"eatsEnemy": 0.0, "closerToPel": 0.0, "onDefense": 0.22126342046809896, "numInvaders": -0.019681707057510243, "closerToInvader": 0.028652701918086478, "invaderDistance": 0.0016055193388351213}